Workbook

Sheet Portada
B4: S I S T E M A D E P R O D U C T I V I D A D
B6: Task Tracker
B9: Captura una vez, revisa desde cuatro vistas distintas
B11: Jesús González · https://jesus-site-silk.vercel.app/
B15: CÓMO ESTÁ ORGANIZADO
B16: Resumen | C16: Indicadores calculados. Ábrelo los lunes.
B17: Tareas | C17: La única hoja donde capturas. Todo lo demás lee de aquí.
B18: Hoy | C18: Tus tres tareas del día y todo lo vencido, automático.
B19: Semana | C19: Cuadrícula de siete días con las tareas por fecha límite.
B20: Proyectos | C20: Avance por proyecto y la siguiente acción de cada uno.
B21: Listas | C21: Los catálogos de los desplegables. Edítalos primero.
B23: LAS CUATRO REGLAS DEL SISTEMA
B24: 1 · Toda tarea empieza con un verbo | C24: «Enviar propuesta a Martínez», no «Propuesta». Si no puedes empezar con un verbo, no es una tarea: es un proyecto y va en la hoja Proyectos.
B25: 2 · Todo proyecto tiene una siguiente acción | C25: Un proyecto sin siguiente acción está detenido aunque parezca activo. La hoja Proyectos te lo marca en rojo automáticamente.
B26: 3 · Solo tres tareas grandes al día | C26: La hoja Hoy te deja escribir tres. No es una limitación técnica: es el punto. Una lista de veinte pendientes para hoy es una lista que no se va a cumplir.
B27: 4 · Revisión semanal, quince minutos | C27: Una vez por semana: cierra lo hecho, reagenda lo vencido y define la siguiente acción de cada proyecto. Sin esta revisión, cualquier sistema se degrada en un mes.
B29: CONVENCIONES
B30: Celdas crema con texto azul | C30: Las únicas que debes editar.
B31: Celdas con texto negro | C31: Contienen fórmulas. Si las sobrescribes, se rompe el Resumen.
B32: Fila de ejemplo | C32: Hay ejemplos de muestra. Bórralos cuando empieces con lo tuyo.
B34: Jesús González · https://jesus-site-silk.vercel.app/

Sheet Resumen
A1: RESUMEN
A2: Todo se calcula automáticamente. No captures nada aquí.
A3: Jesús González · https://jesus-site-silk.vercel.app/
B6: ESTADO GENERAL
B8: TAREAS ABIERTAS | E8: VENCIDAS | H8: PARA HOY
B9: =COUNTIF(Tareas!$B$7:$B$206,"?*")-COUNTIF(Tareas!$I$7:$I$206,"Hecha")-COUNTIF(Tareas!$I$7:$I$206,"Cancelada") -> 3 | E9: =COUNTIF(Tareas!$K$7:$K$206,"Vencida") -> 1 | H9: =COUNTIF(Tareas!$K$7:$K$206,"Hoy") -> 0
B11: ESTA SEMANA | E11: P1 ABIERTAS | H11: EN ESPERA
B12: =COUNTIF(Tareas!$K$7:$K$206,"Esta semana") -> 2 | E12: =COUNTIFS(Tareas!$D$7:$D$206,"P1 · Urgente",Tareas!$I$7:$I$206,"<>Hecha",Tareas!$I$7:$I$206,"<>Cancelada") -> 1 | H12: =COUNTIF(Tareas!$I$7:$I$206,"En espera") -> 0
B14: HECHAS EN TOTAL | E14: HECHAS ESTA SEMANA | H14: % COMPLETADO
B15: =COUNTIF(Tareas!$I$7:$I$206,"Hecha") -> 0 | E15: =COUNTIFS(Tareas!$N$7:$N$206,">="&TODAY()-WEEKDAY(TODAY(),2)+1,Tareas!$N$7:$N$206,"<="&TODAY()) -> 0 | H15: =IFERROR(COUNTIF(Tareas!$I$7:$I$206,"Hecha")/(COUNTIF(Tareas!$B$7:$B$206,"?*")-COUNTIF(Tareas!$I$7:$I$206,"Cancelada")),0) -> 0
B18: POR PRIORIDAD | E18: POR ESTADO | H18: POR CONTEXTO
B19: Prioridad | C19: Abiertas | E19: Estado | F19: Tareas | H19: Contexto | I19: Abiertas
B20: P1 · Urgente | C20: =COUNTIFS(Tareas!$D$7:$D$206,"P1 · Urgente",Tareas!$I$7:$I$206,"<>Hecha",Tareas!$I$7:$I$206,"<>Cancelada") -> 1 | E20: Por hacer | F20: =COUNTIF(Tareas!$I$7:$I$206,"Por hacer") -> 2 | H20: Oficina | I20: =COUNTIFS(Tareas!$E$7:$E$206,"Oficina",Tareas!$I$7:$I$206,"<>Hecha",Tareas!$I$7:$I$206,"<>Cancelada") -> 0
B21: P2 · Importante | C21: =COUNTIFS(Tareas!$D$7:$D$206,"P2 · Importante",Tareas!$I$7:$I$206,"<>Hecha",Tareas!$I$7:$I$206,"<>Cancelada") -> 1 | E21: En curso | F21: =COUNTIF(Tareas!$I$7:$I$206,"En curso") -> 1 | H21: Casa | I21: =COUNTIFS(Tareas!$E$7:$E$206,"Casa",Tareas!$I$7:$I$206,"<>Hecha",Tareas!$I$7:$I$206,"<>Cancelada") -> 0
B22: P3 · Normal | C22: =COUNTIFS(Tareas!$D$7:$D$206,"P3 · Normal",Tareas!$I$7:$I$206,"<>Hecha",Tareas!$I$7:$I$206,"<>Cancelada") -> 1 | E22: En espera | F22: =COUNTIF(Tareas!$I$7:$I$206,"En espera") -> 0 | H22: Computadora | I22: =COUNTIFS(Tareas!$E$7:$E$206,"Computadora",Tareas!$I$7:$I$206,"<>Hecha",Tareas!$I$7:$I$206,"<>Cancelada") -> 2
B23: P4 · Algún día | C23: =COUNTIFS(Tareas!$D$7:$D$206,"P4 · Algún día",Tareas!$I$7:$I$206,"<>Hecha",Tareas!$I$7:$I$206,"<>Cancelada") -> 0 | E23: Hecha | F23: =COUNTIF(Tareas!$I$7:$I$206,"Hecha") -> 0 | H23: Teléfono | I23: =COUNTIFS(Tareas!$E$7:$E$206,"Teléfono",Tareas!$I$7:$I$206,"<>Hecha",Tareas!$I$7:$I$206,"<>Cancelada") -> 1
E24: Cancelada | F24: =COUNTIF(Tareas!$I$7:$I$206,"Cancelada") -> 0 | H24: Recados | I24: =COUNTIFS(Tareas!$E$7:$E$206,"Recados",Tareas!$I$7:$I$206,"<>Hecha",Tareas!$I$7:$I$206,"<>Cancelada") -> 0
H25: Reunión | I25: =COUNTIFS(Tareas!$E$7:$E$206,"Reunión",Tareas!$I$7:$I$206,"<>Hecha",Tareas!$I$7:$I$206,"<>Cancelada") -> 0
B28: Jesús González · https://jesus-site-silk.vercel.app/ · Presiona F9 si algún número no se actualiza.

Sheet Tareas
A1: TODAS LAS TAREAS
A2: La única hoja donde capturas. Las demás leen de aquí.
A3: Jesús González · https://jesus-site-silk.vercel.app/
A6: ID | B6: Tarea | C6: Proyecto | D6: Prioridad | E6: Contexto | F6: Energía | G6: Responsable | H6: Fecha límite | I6: Estado | J6: Días restantes | K6: Semáforo | L6: Repetición | M6: Notas | N6: Fecha de cierre | O6: _ordenHoy | P6: _claveDia
A7: =IF($B7="","",ROW()-6) -> 1 | B7: Redactar propuesta comercial para cliente nuevo | C7: Proyecto A | D7: P1 · Urgente | E7: Computadora | F7: Alta | G7: Jesús González | H7: 46236 | I7: En curso | J7: =IF(OR($B7="",$H7=""),"",IF(OR($I7="Hecha",$I7="Cancelada"),"-",$H7-TODAY())) -> 2 | K7: =IF($B7="","",IF($I7="Hecha","Hecha",IF($I7="Cancelada","Cancelada",IF($I7="En espera","En espera",IF($H7="","Sin fecha",IF($H7<TODAY(),"Vencida",IF($H7=TODAY(),"Hoy",IF($H7-TODAY()<=7,"Esta semana","Más adelante")))))))) -> Esta semana | L7: No se repite | M7: Falta el desglose de costos | O7: =IF($B7="","",IF(OR($K7="Vencida",$K7="Hoy"),COUNTIF($K$7:$K7,"Vencida")+COUNTIF($K$7:$K7,"Hoy"),"")) | P7: =IF(OR($B7="",$H7="",$I7="Hecha",$I7="Cancelada"),"",TEXT($H7,"yyyymmdd")&"-"&COUNTIFS($H$7:$H7,$H7,$I$7:$I7,"<>Hecha",$I$7:$I7,"<>Cancelada")) -> 20260802-1
A8: =IF($B8="","",ROW()-6) -> 2 | B8: Revisar reporte semanal del equipo | C8: Administrativo | D8: P3 · Normal | E8: Computadora | F8: Baja | G8: Jesús González | H8: 46239 | I8: Por hacer | J8: =IF(OR($B8="",$H8=""),"",IF(OR($I8="Hecha",$I8="Cancelada"),"-",$H8-TODAY())) -> 5 | K8: =IF($B8="","",IF($I8="Hecha","Hecha",IF($I8="Cancelada","Cancelada",IF($I8="En espera","En espera",IF($H8="","Sin fecha",IF($H8<TODAY(),"Vencida",IF($H8=TODAY(),"Hoy",IF($H8-TODAY()<=7,"Esta semana","Más adelante")))))))) -> Esta semana | L8: Semanal | O8: =IF($B8="","",IF(OR($K8="Vencida",$K8="Hoy"),COUNTIF($K$7:$K8,"Vencida")+COUNTIF($K$7:$K8,"Hoy"),"")) | P8: =IF(OR($B8="",$H8="",$I8="Hecha",$I8="Cancelada"),"",TEXT($H8,"yyyymmdd")&"-"&COUNTIFS($H$7:$H8,$H8,$I$7:$I8,"<>Hecha",$I$7:$I8,"<>Cancelada")) -> 20260805-1
A9: =IF($B9="","",ROW()-6) -> 3 | B9: Llamar al proveedor por la cotización pendiente | C9: Proyecto B | D9: P2 · Importante | E9: Teléfono | F9: Media | G9: Jesús González | H9: 46233 | I9: Por hacer | J9: =IF(OR($B9="",$H9=""),"",IF(OR($I9="Hecha",$I9="Cancelada"),"-",$H9-TODAY())) -> -1 | K9: =IF($B9="","",IF($I9="Hecha","Hecha",IF($I9="Cancelada","Cancelada",IF($I9="En espera","En espera",IF($H9="","Sin fecha",IF($H9<TODAY(),"Vencida",IF($H9=TODAY(),"Hoy",IF($H9-TODAY()<=7,"Esta semana","Más adelante")))))))) -> Vencida | L9: No se repite | M9: Tercer intento | O9: =IF($B9="","",IF(OR($K9="Vencida",$K9="Hoy"),COUNTIF($K$7:$K9,"Vencida")+COUNTIF($K$7:$K9,"Hoy"),"")) -> 1 | P9: =IF(OR($B9="",$H9="",$I9="Hecha",$I9="Cancelada"),"",TEXT($H9,"yyyymmdd")&"-"&COUNTIFS($H$7:$H9,$H9,$I$7:$I9,"<>Hecha",$I$7:$I9,"<>Cancelada")) -> 20260730-1
A10: =IF($B10="","",ROW()-6) | J10: =IF(OR($B10="",$H10=""),"",IF(OR($I10="Hecha",$I10="Cancelada"),"-",$H10-TODAY())) | K10: =IF($B10="","",IF($I10="Hecha","Hecha",IF($I10="Cancelada","Cancelada",IF($I10="En espera","En espera",IF($H10="","Sin fecha",IF($H10<TODAY(),"Vencida",IF($H10=TODAY(),"Hoy",IF($H10-TODAY()<=7,"Esta semana","Más adelante")))))))) | O10: =IF($B10="","",IF(OR($K10="Vencida",$K10="Hoy"),COUNTIF($K$7:$K10,"Vencida")+COUNTIF($K$7:$K10,"Hoy"),"")) | P10: =IF(OR($B10="",$H10="",$I10="Hecha",$I10="Cancelada"),"",TEXT($H10,"yyyymmdd")&"-"&COUNTIFS($H$7:$H10,$H10,$I$7:$I10,"<>Hecha",$I$7:$I10,"<>Cancelada"))
A11: =IF($B11="","",ROW()-6) | J11: =IF(OR($B11="",$H11=""),"",IF(OR($I11="Hecha",$I11="Cancelada"),"-",$H11-TODAY())) | K11: =IF($B11="","",IF($I11="Hecha","Hecha",IF($I11="Cancelada","Cancelada",IF($I11="En espera","En espera",IF($H11="","Sin fecha",IF($H11<TODAY(),"Vencida",IF($H11=TODAY(),"Hoy",IF($H11-TODAY()<=7,"Esta semana","Más adelante")))))))) | O11: =IF($B11="","",IF(OR($K11="Vencida",$K11="Hoy"),COUNTIF($K$7:$K11,"Vencida")+COUNTIF($K$7:$K11,"Hoy"),"")) | P11: =IF(OR($B11="",$H11="",$I11="Hecha",$I11="Cancelada"),"",TEXT($H11,"yyyymmdd")&"-"&COUNTIFS($H$7:$H11,$H11,$I$7:$I11,"<>Hecha",$I$7:$I11,"<>Cancelada"))
A12: =IF($B12="","",ROW()-6) | J12: =IF(OR($B12="",$H12=""),"",IF(OR($I12="Hecha",$I12="Cancelada"),"-",$H12-TODAY())) | K12: =IF($B12="","",IF($I12="Hecha","Hecha",IF($I12="Cancelada","Cancelada",IF($I12="En espera","En espera",IF($H12="","Sin fecha",IF($H12<TODAY(),"Vencida",IF($H12=TODAY(),"Hoy",IF($H12-TODAY()<=7,"Esta semana","Más adelante")))))))) | O12: =IF($B12="","",IF(OR($K12="Vencida",$K12="Hoy"),COUNTIF($K$7:$K12,"Vencida")+COUNTIF($K$7:$K12,"Hoy"),"")) | P12: =IF(OR($B12="",$H12="",$I12="Hecha",$I12="Cancelada"),"",TEXT($H12,"yyyymmdd")&"-"&COUNTIFS($H$7:$H12,$H12,$I$7:$I12,"<>Hecha",$I$7:$I12,"<>Cancelada"))
A13: =IF($B13="","",ROW()-6) | J13: =IF(OR($B13="",$H13=""),"",IF(OR($I13="Hecha",$I13="Cancelada"),"-",$H13-TODAY())) | K13: =IF($B13="","",IF($I13="Hecha","Hecha",IF($I13="Cancelada","Cancelada",IF($I13="En espera","En espera",IF($H13="","Sin fecha",IF($H13<TODAY(),"Vencida",IF($H13=TODAY(),"Hoy",IF($H13-TODAY()<=7,"Esta semana","Más adelante")))))))) | O13: =IF($B13="","",IF(OR($K13="Vencida",$K13="Hoy"),COUNTIF($K$7:$K13,"Vencida")+COUNTIF($K$7:$K13,"Hoy"),"")) | P13: =IF(OR($B13="",$H13="",$I13="Hecha",$I13="Cancelada"),"",TEXT($H13,"yyyymmdd")&"-"&COUNTIFS($H$7:$H13,$H13,$I$7:$I13,"<>Hecha",$I$7:$I13,"<>Cancelada"))
A14: =IF($B14="","",ROW()-6) | J14: =IF(OR($B14="",$H14=""),"",IF(OR($I14="Hecha",$I14="Cancelada"),"-",$H14-TODAY())) | K14: =IF($B14="","",IF($I14="Hecha","Hecha",IF($I14="Cancelada","Cancelada",IF($I14="En espera","En espera",IF($H14="","Sin fecha",IF($H14<TODAY(),"Vencida",IF($H14=TODAY(),"Hoy",IF($H14-TODAY()<=7,"Esta semana","Más adelante")))))))) | O14: =IF($B14="","",IF(OR($K14="Vencida",$K14="Hoy"),COUNTIF($K$7:$K14,"Vencida")+COUNTIF($K$7:$K14,"Hoy"),"")) | P14: =IF(OR($B14="",$H14="",$I14="Hecha",$I14="Cancelada"),"",TEXT($H14,"yyyymmdd")&"-"&COUNTIFS($H$7:$H14,$H14,$I$7:$I14,"<>Hecha",$I$7:$I14,"<>Cancelada"))
A15: =IF($B15="","",ROW()-6) | J15: =IF(OR($B15="",$H15=""),"",IF(OR($I15="Hecha",$I15="Cancelada"),"-",$H15-TODAY())) | K15: =IF($B15="","",IF($I15="Hecha","Hecha",IF($I15="Cancelada","Cancelada",IF($I15="En espera","En espera",IF($H15="","Sin fecha",IF($H15<TODAY(),"Vencida",IF($H15=TODAY(),"Hoy",IF($H15-TODAY()<=7,"Esta semana","Más adelante")))))))) | O15: =IF($B15="","",IF(OR($K15="Vencida",$K15="Hoy"),COUNTIF($K$7:$K15,"Vencida")+COUNTIF($K$7:$K15,"Hoy"),"")) | P15: =IF(OR($B15="",$H15="",$I15="Hecha",$I15="Cancelada"),"",TEXT($H15,"yyyymmdd")&"-"&COUNTIFS($H$7:$H15,$H15,$I$7:$I15,"<>Hecha",$I$7:$I15,"<>Cancelada"))
A16: =IF($B16="","",ROW()-6) | J16: =IF(OR($B16="",$H16=""),"",IF(OR($I16="Hecha",$I16="Cancelada"),"-",$H16-TODAY())) | K16: =IF($B16="","",IF($I16="Hecha","Hecha",IF($I16="Cancelada","Cancelada",IF($I16="En espera","En espera",IF($H16="","Sin fecha",IF($H16<TODAY(),"Vencida",IF($H16=TODAY(),"Hoy",IF($H16-TODAY()<=7,"Esta semana","Más adelante")))))))) | O16: =IF($B16="","",IF(OR($K16="Vencida",$K16="Hoy"),COUNTIF($K$7:$K16,"Vencida")+COUNTIF($K$7:$K16,"Hoy"),"")) | P16: =IF(OR($B16="",$H16="",$I16="Hecha",$I16="Cancelada"),"",TEXT($H16,"yyyymmdd")&"-"&COUNTIFS($H$7:$H16,$H16,$I$7:$I16,"<>Hecha",$I$7:$I16,"<>Cancelada"))
A17: =IF($B17="","",ROW()-6) | J17: =IF(OR($B17="",$H17=""),"",IF(OR($I17="Hecha",$I17="Cancelada"),"-",$H17-TODAY())) | K17: =IF($B17="","",IF($I17="Hecha","Hecha",IF($I17="Cancelada","Cancelada",IF($I17="En espera","En espera",IF($H17="","Sin fecha",IF($H17<TODAY(),"Vencida",IF($H17=TODAY(),"Hoy",IF($H17-TODAY()<=7,"Esta semana","Más adelante")))))))) | O17: =IF($B17="","",IF(OR($K17="Vencida",$K17="Hoy"),COUNTIF($K$7:$K17,"Vencida")+COUNTIF($K$7:$K17,"Hoy"),"")) | P17: =IF(OR($B17="",$H17="",$I17="Hecha",$I17="Cancelada"),"",TEXT($H17,"yyyymmdd")&"-"&COUNTIFS($H$7:$H17,$H17,$I$7:$I17,"<>Hecha",$I$7:$I17,"<>Cancelada"))
A18: =IF($B18="","",ROW()-6) | J18: =IF(OR($B18="",$H18=""),"",IF(OR($I18="Hecha",$I18="Cancelada"),"-",$H18-TODAY())) | K18: =IF($B18="","",IF($I18="Hecha","Hecha",IF($I18="Cancelada","Cancelada",IF($I18="En espera","En espera",IF($H18="","Sin fecha",IF($H18<TODAY(),"Vencida",IF($H18=TODAY(),"Hoy",IF($H18-TODAY()<=7,"Esta semana","Más adelante")))))))) | O18: =IF($B18="","",IF(OR($K18="Vencida",$K18="Hoy"),COUNTIF($K$7:$K18,"Vencida")+COUNTIF($K$7:$K18,"Hoy"),"")) | P18: =IF(OR($B18="",$H18="",$I18="Hecha",$I18="Cancelada"),"",TEXT($H18,"yyyymmdd")&"-"&COUNTIFS($H$7:$H18,$H18,$I$7:$I18,"<>Hecha",$I$7:$I18,"<>Cancelada"))
A19: =IF($B19="","",ROW()-6) | J19: =IF(OR($B19="",$H19=""),"",IF(OR($I19="Hecha",$I19="Cancelada"),"-",$H19-TODAY())) | K19: =IF($B19="","",IF($I19="Hecha","Hecha",IF($I19="Cancelada","Cancelada",IF($I19="En espera","En espera",IF($H19="","Sin fecha",IF($H19<TODAY(),"Vencida",IF($H19=TODAY(),"Hoy",IF($H19-TODAY()<=7,"Esta semana","Más adelante")))))))) | O19: =IF($B19="","",IF(OR($K19="Vencida",$K19="Hoy"),COUNTIF($K$7:$K19,"Vencida")+COUNTIF($K$7:$K19,"Hoy"),"")) | P19: =IF(OR($B19="",$H19="",$I19="Hecha",$I19="Cancelada"),"",TEXT($H19,"yyyymmdd")&"-"&COUNTIFS($H$7:$H19,$H19,$I$7:$I19,"<>Hecha",$I$7:$I19,"<>Cancelada"))
A20: =IF($B20="","",ROW()-6) | J20: =IF(OR($B20="",$H20=""),"",IF(OR($I20="Hecha",$I20="Cancelada"),"-",$H20-TODAY())) | K20: =IF($B20="","",IF($I20="Hecha","Hecha",IF($I20="Cancelada","Cancelada",IF($I20="En espera","En espera",IF($H20="","Sin fecha",IF($H20<TODAY(),"Vencida",IF($H20=TODAY(),"Hoy",IF($H20-TODAY()<=7,"Esta semana","Más adelante")))))))) | O20: =IF($B20="","",IF(OR($K20="Vencida",$K20="Hoy"),COUNTIF($K$7:$K20,"Vencida")+COUNTIF($K$7:$K20,"Hoy"),"")) | P20: =IF(OR($B20="",$H20="",$I20="Hecha",$I20="Cancelada"),"",TEXT($H20,"yyyymmdd")&"-"&COUNTIFS($H$7:$H20,$H20,$I$7:$I20,"<>Hecha",$I$7:$I20,"<>Cancelada"))
A21: =IF($B21="","",ROW()-6) | J21: =IF(OR($B21="",$H21=""),"",IF(OR($I21="Hecha",$I21="Cancelada"),"-",$H21-TODAY())) | K21: =IF($B21="","",IF($I21="Hecha","Hecha",IF($I21="Cancelada","Cancelada",IF($I21="En espera","En espera",IF($H21="","Sin fecha",IF($H21<TODAY(),"Vencida",IF($H21=TODAY(),"Hoy",IF($H21-TODAY()<=7,"Esta semana","Más adelante")))))))) | O21: =IF($B21="","",IF(OR($K21="Vencida",$K21="Hoy"),COUNTIF($K$7:$K21,"Vencida")+COUNTIF($K$7:$K21,"Hoy"),"")) | P21: =IF(OR($B21="",$H21="",$I21="Hecha",$I21="Cancelada"),"",TEXT($H21,"yyyymmdd")&"-"&COUNTIFS($H$7:$H21,$H21,$I$7:$I21,"<>Hecha",$I$7:$I21,"<>Cancelada"))
... A206: =IF($B206="","",ROW()-6) | J206: =IF(OR($B206="",$H206=""),"",IF(OR($I206="Hecha",$I206="Cancelada"),"-",$H206-TODAY())) | K206: =IF($B206="","",IF($I206="Hecha","Hecha",IF($I206="Cancelada","Cancelada",IF($I206="En espera","En espera",IF($H206="","Sin fecha",IF($H206<TODAY(),"Vencida",IF($H206=TODAY(),"Hoy",IF($H206-TODAY()<=7,"Esta semana","Más adelante")))))))) | O206: =IF($B206="","",IF(OR($K206="Vencida",$K206="Hoy"),COUNTIF($K$7:$K206,"Vencida")+COUNTIF($K$7:$K206,"Hoy"),"")) | P206: =IF(OR($B206="",$H206="",$I206="Hecha",$I206="Cancelada"),"",TEXT($H206,"yyyymmdd")&"-"&COUNTIFS($H$7:$H206,$H206,$I$7:$I206,"<>Hecha",$I$7:$I206,"<>Cancelada"))

Sheet Hoy
A1: ENFOQUE DE HOY
A2: Se llena solo desde la hoja Tareas. Lo único que capturas son las tres grandes.
A3: Jesús González · https://jesus-site-silk.vercel.app/
B6: LAS TRES TAREAS QUE HARÍAN DEL DÍA UN BUEN DÍA
F7: ✓ ?
B10: Si al final del día hiciste estas tres, el día valió. Todo lo demás es extra.
B12: VENCIDAS Y DE HOY (AUTOMÁTICO)
B13: Tarea | C13: Proyecto | D13: Prioridad | E13: Estado | F13: Semáforo
B14: =IFERROR(INDEX(Tareas!$B$7:$B$206,MATCH(1,Tareas!$O$7:$O$206,0)),"") -> Llamar al proveedor por la cotización pendiente | C14: =IFERROR(INDEX(Tareas!$C$7:$C$206,MATCH(1,Tareas!$O$7:$O$206,0)),"") -> Proyecto B | D14: =IFERROR(INDEX(Tareas!$D$7:$D$206,MATCH(1,Tareas!$O$7:$O$206,0)),"") -> P2 · Importante | E14: =IFERROR(INDEX(Tareas!$I$7:$I$206,MATCH(1,Tareas!$O$7:$O$206,0)),"") -> Por hacer | F14: =IFERROR(INDEX(Tareas!$K$7:$K$206,MATCH(1,Tareas!$O$7:$O$206,0)),"") -> Vencida
B15: =IFERROR(INDEX(Tareas!$B$7:$B$206,MATCH(2,Tareas!$O$7:$O$206,0)),"") | C15: =IFERROR(INDEX(Tareas!$C$7:$C$206,MATCH(2,Tareas!$O$7:$O$206,0)),"") | D15: =IFERROR(INDEX(Tareas!$D$7:$D$206,MATCH(2,Tareas!$O$7:$O$206,0)),"") | E15: =IFERROR(INDEX(Tareas!$I$7:$I$206,MATCH(2,Tareas!$O$7:$O$206,0)),"") | F15: =IFERROR(INDEX(Tareas!$K$7:$K$206,MATCH(2,Tareas!$O$7:$O$206,0)),"")
B16: =IFERROR(INDEX(Tareas!$B$7:$B$206,MATCH(3,Tareas!$O$7:$O$206,0)),"") | C16: =IFERROR(INDEX(Tareas!$C$7:$C$206,MATCH(3,Tareas!$O$7:$O$206,0)),"") | D16: =IFERROR(INDEX(Tareas!$D$7:$D$206,MATCH(3,Tareas!$O$7:$O$206,0)),"") | E16: =IFERROR(INDEX(Tareas!$I$7:$I$206,MATCH(3,Tareas!$O$7:$O$206,0)),"") | F16: =IFERROR(INDEX(Tareas!$K$7:$K$206,MATCH(3,Tareas!$O$7:$O$206,0)),"")
B17: =IFERROR(INDEX(Tareas!$B$7:$B$206,MATCH(4,Tareas!$O$7:$O$206,0)),"") | C17: =IFERROR(INDEX(Tareas!$C$7:$C$206,MATCH(4,Tareas!$O$7:$O$206,0)),"") | D17: =IFERROR(INDEX(Tareas!$D$7:$D$206,MATCH(4,Tareas!$O$7:$O$206,0)),"") | E17: =IFERROR(INDEX(Tareas!$I$7:$I$206,MATCH(4,Tareas!$O$7:$O$206,0)),"") | F17: =IFERROR(INDEX(Tareas!$K$7:$K$206,MATCH(4,Tareas!$O$7:$O$206,0)),"")
B18: =IFERROR(INDEX(Tareas!$B$7:$B$206,MATCH(5,Tareas!$O$7:$O$206,0)),"") | C18: =IFERROR(INDEX(Tareas!$C$7:$C$206,MATCH(5,Tareas!$O$7:$O$206,0)),"") | D18: =IFERROR(INDEX(Tareas!$D$7:$D$206,MATCH(5,Tareas!$O$7:$O$206,0)),"") | E18: =IFERROR(INDEX(Tareas!$I$7:$I$206,MATCH(5,Tareas!$O$7:$O$206,0)),"") | F18: =IFERROR(INDEX(Tareas!$K$7:$K$206,MATCH(5,Tareas!$O$7:$O$206,0)),"")
B19: =IFERROR(INDEX(Tareas!$B$7:$B$206,MATCH(6,Tareas!$O$7:$O$206,0)),"") | C19: =IFERROR(INDEX(Tareas!$C$7:$C$206,MATCH(6,Tareas!$O$7:$O$206,0)),"") | D19: =IFERROR(INDEX(Tareas!$D$7:$D$206,MATCH(6,Tareas!$O$7:$O$206,0)),"") | E19: =IFERROR(INDEX(Tareas!$I$7:$I$206,MATCH(6,Tareas!$O$7:$O$206,0)),"") | F19: =IFERROR(INDEX(Tareas!$K$7:$K$206,MATCH(6,Tareas!$O$7:$O$206,0)),"")
B20: =IFERROR(INDEX(Tareas!$B$7:$B$206,MATCH(7,Tareas!$O$7:$O$206,0)),"") | C20: =IFERROR(INDEX(Tareas!$C$7:$C$206,MATCH(7,Tareas!$O$7:$O$206,0)),"") | D20: =IFERROR(INDEX(Tareas!$D$7:$D$206,MATCH(7,Tareas!$O$7:$O$206,0)),"") | E20: =IFERROR(INDEX(Tareas!$I$7:$I$206,MATCH(7,Tareas!$O$7:$O$206,0)),"") | F20: =IFERROR(INDEX(Tareas!$K$7:$K$206,MATCH(7,Tareas!$O$7:$O$206,0)),"")
B21: =IFERROR(INDEX(Tareas!$B$7:$B$206,MATCH(8,Tareas!$O$7:$O$206,0)),"") | C21: =IFERROR(INDEX(Tareas!$C$7:$C$206,MATCH(8,Tareas!$O$7:$O$206,0)),"") | D21: =IFERROR(INDEX(Tareas!$D$7:$D$206,MATCH(8,Tareas!$O$7:$O$206,0)),"") | E21: =IFERROR(INDEX(Tareas!$I$7:$I$206,MATCH(8,Tareas!$O$7:$O$206,0)),"") | F21: =IFERROR(INDEX(Tareas!$K$7:$K$206,MATCH(8,Tareas!$O$7:$O$206,0)),"")
B22: =IFERROR(INDEX(Tareas!$B$7:$B$206,MATCH(9,Tareas!$O$7:$O$206,0)),"") | C22: =IFERROR(INDEX(Tareas!$C$7:$C$206,MATCH(9,Tareas!$O$7:$O$206,0)),"") | D22: =IFERROR(INDEX(Tareas!$D$7:$D$206,MATCH(9,Tareas!$O$7:$O$206,0)),"") | E22: =IFERROR(INDEX(Tareas!$I$7:$I$206,MATCH(9,Tareas!$O$7:$O$206,0)),"") | F22: =IFERROR(INDEX(Tareas!$K$7:$K$206,MATCH(9,Tareas!$O$7:$O$206,0)),"")
B23: =IFERROR(INDEX(Tareas!$B$7:$B$206,MATCH(10,Tareas!$O$7:$O$206,0)),"") | C23: =IFERROR(INDEX(Tareas!$C$7:$C$206,MATCH(10,Tareas!$O$7:$O$206,0)),"") | D23: =IFERROR(INDEX(Tareas!$D$7:$D$206,MATCH(10,Tareas!$O$7:$O$206,0)),"") | E23: =IFERROR(INDEX(Tareas!$I$7:$I$206,MATCH(10,Tareas!$O$7:$O$206,0)),"") | F23: =IFERROR(INDEX(Tareas!$K$7:$K$206,MATCH(10,Tareas!$O$7:$O$206,0)),"")
B24: =IFERROR(INDEX(Tareas!$B$7:$B$206,MATCH(11,Tareas!$O$7:$O$206,0)),"") | C24: =IFERROR(INDEX(Tareas!$C$7:$C$206,MATCH(11,Tareas!$O$7:$O$206,0)),"") | D24: =IFERROR(INDEX(Tareas!$D$7:$D$206,MATCH(11,Tareas!$O$7:$O$206,0)),"") | E24: =IFERROR(INDEX(Tareas!$I$7:$I$206,MATCH(11,Tareas!$O$7:$O$206,0)),"") | F24: =IFERROR(INDEX(Tareas!$K$7:$K$206,MATCH(11,Tareas!$O$7:$O$206,0)),"")
B25: =IFERROR(INDEX(Tareas!$B$7:$B$206,MATCH(12,Tareas!$O$7:$O$206,0)),"") | C25: =IFERROR(INDEX(Tareas!$C$7:$C$206,MATCH(12,Tareas!$O$7:$O$206,0)),"") | D25: =IFERROR(INDEX(Tareas!$D$7:$D$206,MATCH(12,Tareas!$O$7:$O$206,0)),"") | E25: =IFERROR(INDEX(Tareas!$I$7:$I$206,MATCH(12,Tareas!$O$7:$O$206,0)),"") | F25: =IFERROR(INDEX(Tareas!$K$7:$K$206,MATCH(12,Tareas!$O$7:$O$206,0)),"")
B26: =IFERROR(INDEX(Tareas!$B$7:$B$206,MATCH(13,Tareas!$O$7:$O$206,0)),"") | C26: =IFERROR(INDEX(Tareas!$C$7:$C$206,MATCH(13,Tareas!$O$7:$O$206,0)),"") | D26: =IFERROR(INDEX(Tareas!$D$7:$D$206,MATCH(13,Tareas!$O$7:$O$206,0)),"") | E26: =IFERROR(INDEX(Tareas!$I$7:$I$206,MATCH(13,Tareas!$O$7:$O$206,0)),"") | F26: =IFERROR(INDEX(Tareas!$K$7:$K$206,MATCH(13,Tareas!$O$7:$O$206,0)),"")
B27: =IFERROR(INDEX(Tareas!$B$7:$B$206,MATCH(14,Tareas!$O$7:$O$206,0)),"") | C27: =IFERROR(INDEX(Tareas!$C$7:$C$206,MATCH(14,Tareas!$O$7:$O$206,0)),"") | D27: =IFERROR(INDEX(Tareas!$D$7:$D$206,MATCH(14,Tareas!$O$7:$O$206,0)),"") | E27: =IFERROR(INDEX(Tareas!$I$7:$I$206,MATCH(14,Tareas!$O$7:$O$206,0)),"") | F27: =IFERROR(INDEX(Tareas!$K$7:$K$206,MATCH(14,Tareas!$O$7:$O$206,0)),"")
B28: =IFERROR(INDEX(Tareas!$B$7:$B$206,MATCH(15,Tareas!$O$7:$O$206,0)),"") | C28: =IFERROR(INDEX(Tareas!$C$7:$C$206,MATCH(15,Tareas!$O$7:$O$206,0)),"") | D28: =IFERROR(INDEX(Tareas!$D$7:$D$206,MATCH(15,Tareas!$O$7:$O$206,0)),"") | E28: =IFERROR(INDEX(Tareas!$I$7:$I$206,MATCH(15,Tareas!$O$7:$O$206,0)),"") | F28: =IFERROR(INDEX(Tareas!$K$7:$K$206,MATCH(15,Tareas!$O$7:$O$206,0)),"")
B29: =IFERROR(INDEX(Tareas!$B$7:$B$206,MATCH(16,Tareas!$O$7:$O$206,0)),"") | C29: =IFERROR(INDEX(Tareas!$C$7:$C$206,MATCH(16,Tareas!$O$7:$O$206,0)),"") | D29: =IFERROR(INDEX(Tareas!$D$7:$D$206,MATCH(16,Tareas!$O$7:$O$206,0)),"") | E29: =IFERROR(INDEX(Tareas!$I$7:$I$206,MATCH(16,Tareas!$O$7:$O$206,0)),"") | F29: =IFERROR(INDEX(Tareas!$K$7:$K$206,MATCH(16,Tareas!$O$7:$O$206,0)),"")
B30: =IFERROR(INDEX(Tareas!$B$7:$B$206,MATCH(17,Tareas!$O$7:$O$206,0)),"") | C30: =IFERROR(INDEX(Tareas!$C$7:$C$206,MATCH(17,Tareas!$O$7:$O$206,0)),"") | D30: =IFERROR(INDEX(Tareas!$D$7:$D$206,MATCH(17,Tareas!$O$7:$O$206,0)),"") | E30: =IFERROR(INDEX(Tareas!$I$7:$I$206,MATCH(17,Tareas!$O$7:$O$206,0)),"") | F30: =IFERROR(INDEX(Tareas!$K$7:$K$206,MATCH(17,Tareas!$O$7:$O$206,0)),"")
B31: =IFERROR(INDEX(Tareas!$B$7:$B$206,MATCH(18,Tareas!$O$7:$O$206,0)),"") | C31: =IFERROR(INDEX(Tareas!$C$7:$C$206,MATCH(18,Tareas!$O$7:$O$206,0)),"") | D31: =IFERROR(INDEX(Tareas!$D$7:$D$206,MATCH(18,Tareas!$O$7:$O$206,0)),"") | E31: =IFERROR(INDEX(Tareas!$I$7:$I$206,MATCH(18,Tareas!$O$7:$O$206,0)),"") | F31: =IFERROR(INDEX(Tareas!$K$7:$K$206,MATCH(18,Tareas!$O$7:$O$206,0)),"")
B32: =IFERROR(INDEX(Tareas!$B$7:$B$206,MATCH(19,Tareas!$O$7:$O$206,0)),"") | C32: =IFERROR(INDEX(Tareas!$C$7:$C$206,MATCH(19,Tareas!$O$7:$O$206,0)),"") | D32: =IFERROR(INDEX(Tareas!$D$7:$D$206,MATCH(19,Tareas!$O$7:$O$206,0)),"") | E32: =IFERROR(INDEX(Tareas!$I$7:$I$206,MATCH(19,Tareas!$O$7:$O$206,0)),"") | F32: =IFERROR(INDEX(Tareas!$K$7:$K$206,MATCH(19,Tareas!$O$7:$O$206,0)),"")
B33: =IFERROR(INDEX(Tareas!$B$7:$B$206,MATCH(20,Tareas!$O$7:$O$206,0)),"") | C33: =IFERROR(INDEX(Tareas!$C$7:$C$206,MATCH(20,Tareas!$O$7:$O$206,0)),"") | D33: =IFERROR(INDEX(Tareas!$D$7:$D$206,MATCH(20,Tareas!$O$7:$O$206,0)),"") | E33: =IFERROR(INDEX(Tareas!$I$7:$I$206,MATCH(20,Tareas!$O$7:$O$206,0)),"") | F33: =IFERROR(INDEX(Tareas!$K$7:$K$206,MATCH(20,Tareas!$O$7:$O$206,0)),"")
B34: =IFERROR(INDEX(Tareas!$B$7:$B$206,MATCH(21,Tareas!$O$7:$O$206,0)),"") | C34: =IFERROR(INDEX(Tareas!$C$7:$C$206,MATCH(21,Tareas!$O$7:$O$206,0)),"") | D34: =IFERROR(INDEX(Tareas!$D$7:$D$206,MATCH(21,Tareas!$O$7:$O$206,0)),"") | E34: =IFERROR(INDEX(Tareas!$I$7:$I$206,MATCH(21,Tareas!$O$7:$O$206,0)),"") | F34: =IFERROR(INDEX(Tareas!$K$7:$K$206,MATCH(21,Tareas!$O$7:$O$206,0)),"")
B35: =IFERROR(INDEX(Tareas!$B$7:$B$206,MATCH(22,Tareas!$O$7:$O$206,0)),"") | C35: =IFERROR(INDEX(Tareas!$C$7:$C$206,MATCH(22,Tareas!$O$7:$O$206,0)),"") | D35: =IFERROR(INDEX(Tareas!$D$7:$D$206,MATCH(22,Tareas!$O$7:$O$206,0)),"") | E35: =IFERROR(INDEX(Tareas!$I$7:$I$206,MATCH(22,Tareas!$O$7:$O$206,0)),"") | F35: =IFERROR(INDEX(Tareas!$K$7:$K$206,MATCH(22,Tareas!$O$7:$O$206,0)),"")
B36: =IFERROR(INDEX(Tareas!$B$7:$B$206,MATCH(23,Tareas!$O$7:$O$206,0)),"") | C36: =IFERROR(INDEX(Tareas!$C$7:$C$206,MATCH(23,Tareas!$O$7:$O$206,0)),"") | D36: =IFERROR(INDEX(Tareas!$D$7:$D$206,MATCH(23,Tareas!$O$7:$O$206,0)),"") | E36: =IFERROR(INDEX(Tareas!$I$7:$I$206,MATCH(23,Tareas!$O$7:$O$206,0)),"") | F36: =IFERROR(INDEX(Tareas!$K$7:$K$206,MATCH(23,Tareas!$O$7:$O$206,0)),"")
B37: =IFERROR(INDEX(Tareas!$B$7:$B$206,MATCH(24,Tareas!$O$7:$O$206,0)),"") | C37: =IFERROR(INDEX(Tareas!$C$7:$C$206,MATCH(24,Tareas!$O$7:$O$206,0)),"") | D37: =IFERROR(INDEX(Tareas!$D$7:$D$206,MATCH(24,Tareas!$O$7:$O$206,0)),"") | E37: =IFERROR(INDEX(Tareas!$I$7:$I$206,MATCH(24,Tareas!$O$7:$O$206,0)),"") | F37: =IFERROR(INDEX(Tareas!$K$7:$K$206,MATCH(24,Tareas!$O$7:$O$206,0)),"")
B38: =IFERROR(INDEX(Tareas!$B$7:$B$206,MATCH(25,Tareas!$O$7:$O$206,0)),"") | C38: =IFERROR(INDEX(Tareas!$C$7:$C$206,MATCH(25,Tareas!$O$7:$O$206,0)),"") | D38: =IFERROR(INDEX(Tareas!$D$7:$D$206,MATCH(25,Tareas!$O$7:$O$206,0)),"") | E38: =IFERROR(INDEX(Tareas!$I$7:$I$206,MATCH(25,Tareas!$O$7:$O$206,0)),"") | F38: =IFERROR(INDEX(Tareas!$K$7:$K$206,MATCH(25,Tareas!$O$7:$O$206,0)),"")
B40: Esta lista se recalcula sola desde la hoja Tareas. No escribas aquí.
B42: Jesús González · https://jesus-site-silk.vercel.app/

Sheet Semana
A1: VISTA DE LA SEMANA
A2: Cambia la fecha de inicio y la cuadrícula se reacomoda sola.
A3: Jesús González · https://jesus-site-silk.vercel.app/
B5: Lunes de la semana: | C5: 46230
B7: Lunes | C7: Martes | D7: Miércoles | E7: Jueves | F7: Viernes | G7: Sábado | H7: Domingo
B8: =$C$5+0 -> 46230 | C8: =$C$5+1 -> 46231 | D8: =$C$5+2 -> 46232 | E8: =$C$5+3 -> 46233 | F8: =$C$5+4 -> 46234 | G8: =$C$5+5 -> 46235 | H8: =$C$5+6 -> 46236
B9: =IFERROR(INDEX(Tareas!$B$7:$B$206,MATCH(TEXT(B$8,"yyyymmdd")&"-"&1,Tareas!$P$7:$P$206,0)),"") | C9: =IFERROR(INDEX(Tareas!$B$7:$B$206,MATCH(TEXT(C$8,"yyyymmdd")&"-"&1,Tareas!$P$7:$P$206,0)),"") | D9: =IFERROR(INDEX(Tareas!$B$7:$B$206,MATCH(TEXT(D$8,"yyyymmdd")&"-"&1,Tareas!$P$7:$P$206,0)),"") | E9: =IFERROR(INDEX(Tareas!$B$7:$B$206,MATCH(TEXT(E$8,"yyyymmdd")&"-"&1,Tareas!$P$7:$P$206,0)),"") -> Llamar al proveedor por la cotización pendiente | F9: =IFERROR(INDEX(Tareas!$B$7:$B$206,MATCH(TEXT(F$8,"yyyymmdd")&"-"&1,Tareas!$P$7:$P$206,0)),"") | G9: =IFERROR(INDEX(Tareas!$B$7:$B$206,MATCH(TEXT(G$8,"yyyymmdd")&"-"&1,Tareas!$P$7:$P$206,0)),"") | H9: =IFERROR(INDEX(Tareas!$B$7:$B$206,MATCH(TEXT(H$8,"yyyymmdd")&"-"&1,Tareas!$P$7:$P$206,0)),"") -> Redactar propuesta comercial para cliente nuevo
B10: =IFERROR(INDEX(Tareas!$B$7:$B$206,MATCH(TEXT(B$8,"yyyymmdd")&"-"&2,Tareas!$P$7:$P$206,0)),"") | C10: =IFERROR(INDEX(Tareas!$B$7:$B$206,MATCH(TEXT(C$8,"yyyymmdd")&"-"&2,Tareas!$P$7:$P$206,0)),"") | D10: =IFERROR(INDEX(Tareas!$B$7:$B$206,MATCH(TEXT(D$8,"yyyymmdd")&"-"&2,Tareas!$P$7:$P$206,0)),"") | E10: =IFERROR(INDEX(Tareas!$B$7:$B$206,MATCH(TEXT(E$8,"yyyymmdd")&"-"&2,Tareas!$P$7:$P$206,0)),"") | F10: =IFERROR(INDEX(Tareas!$B$7:$B$206,MATCH(TEXT(F$8,"yyyymmdd")&"-"&2,Tareas!$P$7:$P$206,0)),"") | G10: =IFERROR(INDEX(Tareas!$B$7:$B$206,MATCH(TEXT(G$8,"yyyymmdd")&"-"&2,Tareas!$P$7:$P$206,0)),"") | H10: =IFERROR(INDEX(Tareas!$B$7:$B$206,MATCH(TEXT(H$8,"yyyymmdd")&"-"&2,Tareas!$P$7:$P$206,0)),"")
B11: =IFERROR(INDEX(Tareas!$B$7:$B$206,MATCH(TEXT(B$8,"yyyymmdd")&"-"&3,Tareas!$P$7:$P$206,0)),"") | C11: =IFERROR(INDEX(Tareas!$B$7:$B$206,MATCH(TEXT(C$8,"yyyymmdd")&"-"&3,Tareas!$P$7:$P$206,0)),"") | D11: =IFERROR(INDEX(Tareas!$B$7:$B$206,MATCH(TEXT(D$8,"yyyymmdd")&"-"&3,Tareas!$P$7:$P$206,0)),"") | E11: =IFERROR(INDEX(Tareas!$B$7:$B$206,MATCH(TEXT(E$8,"yyyymmdd")&"-"&3,Tareas!$P$7:$P$206,0)),"") | F11: =IFERROR(INDEX(Tareas!$B$7:$B$206,MATCH(TEXT(F$8,"yyyymmdd")&"-"&3,Tareas!$P$7:$P$206,0)),"") | G11: =IFERROR(INDEX(Tareas!$B$7:$B$206,MATCH(TEXT(G$8,"yyyymmdd")&"-"&3,Tareas!$P$7:$P$206,0)),"") | H11: =IFERROR(INDEX(Tareas!$B$7:$B$206,MATCH(TEXT(H$8,"yyyymmdd")&"-"&3,Tareas!$P$7:$P$206,0)),"")
B12: =IFERROR(INDEX(Tareas!$B$7:$B$206,MATCH(TEXT(B$8,"yyyymmdd")&"-"&4,Tareas!$P$7:$P$206,0)),"") | C12: =IFERROR(INDEX(Tareas!$B$7:$B$206,MATCH(TEXT(C$8,"yyyymmdd")&"-"&4,Tareas!$P$7:$P$206,0)),"") | D12: =IFERROR(INDEX(Tareas!$B$7:$B$206,MATCH(TEXT(D$8,"yyyymmdd")&"-"&4,Tareas!$P$7:$P$206,0)),"") | E12: =IFERROR(INDEX(Tareas!$B$7:$B$206,MATCH(TEXT(E$8,"yyyymmdd")&"-"&4,Tareas!$P$7:$P$206,0)),"") | F12: =IFERROR(INDEX(Tareas!$B$7:$B$206,MATCH(TEXT(F$8,"yyyymmdd")&"-"&4,Tareas!$P$7:$P$206,0)),"") | G12: =IFERROR(INDEX(Tareas!$B$7:$B$206,MATCH(TEXT(G$8,"yyyymmdd")&"-"&4,Tareas!$P$7:$P$206,0)),"") | H12: =IFERROR(INDEX(Tareas!$B$7:$B$206,MATCH(TEXT(H$8,"yyyymmdd")&"-"&4,Tareas!$P$7:$P$206,0)),"")
B13: =IFERROR(INDEX(Tareas!$B$7:$B$206,MATCH(TEXT(B$8,"yyyymmdd")&"-"&5,Tareas!$P$7:$P$206,0)),"") | C13: =IFERROR(INDEX(Tareas!$B$7:$B$206,MATCH(TEXT(C$8,"yyyymmdd")&"-"&5,Tareas!$P$7:$P$206,0)),"") | D13: =IFERROR(INDEX(Tareas!$B$7:$B$206,MATCH(TEXT(D$8,"yyyymmdd")&"-"&5,Tareas!$P$7:$P$206,0)),"") | E13: =IFERROR(INDEX(Tareas!$B$7:$B$206,MATCH(TEXT(E$8,"yyyymmdd")&"-"&5,Tareas!$P$7:$P$206,0)),"") | F13: =IFERROR(INDEX(Tareas!$B$7:$B$206,MATCH(TEXT(F$8,"yyyymmdd")&"-"&5,Tareas!$P$7:$P$206,0)),"") | G13: =IFERROR(INDEX(Tareas!$B$7:$B$206,MATCH(TEXT(G$8,"yyyymmdd")&"-"&5,Tareas!$P$7:$P$206,0)),"") | H13: =IFERROR(INDEX(Tareas!$B$7:$B$206,MATCH(TEXT(H$8,"yyyymmdd")&"-"&5,Tareas!$P$7:$P$206,0)),"")
B14: =IFERROR(INDEX(Tareas!$B$7:$B$206,MATCH(TEXT(B$8,"yyyymmdd")&"-"&6,Tareas!$P$7:$P$206,0)),"") | C14: =IFERROR(INDEX(Tareas!$B$7:$B$206,MATCH(TEXT(C$8,"yyyymmdd")&"-"&6,Tareas!$P$7:$P$206,0)),"") | D14: =IFERROR(INDEX(Tareas!$B$7:$B$206,MATCH(TEXT(D$8,"yyyymmdd")&"-"&6,Tareas!$P$7:$P$206,0)),"") | E14: =IFERROR(INDEX(Tareas!$B$7:$B$206,MATCH(TEXT(E$8,"yyyymmdd")&"-"&6,Tareas!$P$7:$P$206,0)),"") | F14: =IFERROR(INDEX(Tareas!$B$7:$B$206,MATCH(TEXT(F$8,"yyyymmdd")&"-"&6,Tareas!$P$7:$P$206,0)),"") | G14: =IFERROR(INDEX(Tareas!$B$7:$B$206,MATCH(TEXT(G$8,"yyyymmdd")&"-"&6,Tareas!$P$7:$P$206,0)),"") | H14: =IFERROR(INDEX(Tareas!$B$7:$B$206,MATCH(TEXT(H$8,"yyyymmdd")&"-"&6,Tareas!$P$7:$P$206,0)),"")
B15: =IFERROR(INDEX(Tareas!$B$7:$B$206,MATCH(TEXT(B$8,"yyyymmdd")&"-"&7,Tareas!$P$7:$P$206,0)),"") | C15: =IFERROR(INDEX(Tareas!$B$7:$B$206,MATCH(TEXT(C$8,"yyyymmdd")&"-"&7,Tareas!$P$7:$P$206,0)),"") | D15: =IFERROR(INDEX(Tareas!$B$7:$B$206,MATCH(TEXT(D$8,"yyyymmdd")&"-"&7,Tareas!$P$7:$P$206,0)),"") | E15: =IFERROR(INDEX(Tareas!$B$7:$B$206,MATCH(TEXT(E$8,"yyyymmdd")&"-"&7,Tareas!$P$7:$P$206,0)),"") | F15: =IFERROR(INDEX(Tareas!$B$7:$B$206,MATCH(TEXT(F$8,"yyyymmdd")&"-"&7,Tareas!$P$7:$P$206,0)),"") | G15: =IFERROR(INDEX(Tareas!$B$7:$B$206,MATCH(TEXT(G$8,"yyyymmdd")&"-"&7,Tareas!$P$7:$P$206,0)),"") | H15: =IFERROR(INDEX(Tareas!$B$7:$B$206,MATCH(TEXT(H$8,"yyyymmdd")&"-"&7,Tareas!$P$7:$P$206,0)),"")
B16: =IFERROR(INDEX(Tareas!$B$7:$B$206,MATCH(TEXT(B$8,"yyyymmdd")&"-"&8,Tareas!$P$7:$P$206,0)),"") | C16: =IFERROR(INDEX(Tareas!$B$7:$B$206,MATCH(TEXT(C$8,"yyyymmdd")&"-"&8,Tareas!$P$7:$P$206,0)),"") | D16: =IFERROR(INDEX(Tareas!$B$7:$B$206,MATCH(TEXT(D$8,"yyyymmdd")&"-"&8,Tareas!$P$7:$P$206,0)),"") | E16: =IFERROR(INDEX(Tareas!$B$7:$B$206,MATCH(TEXT(E$8,"yyyymmdd")&"-"&8,Tareas!$P$7:$P$206,0)),"") | F16: =IFERROR(INDEX(Tareas!$B$7:$B$206,MATCH(TEXT(F$8,"yyyymmdd")&"-"&8,Tareas!$P$7:$P$206,0)),"") | G16: =IFERROR(INDEX(Tareas!$B$7:$B$206,MATCH(TEXT(G$8,"yyyymmdd")&"-"&8,Tareas!$P$7:$P$206,0)),"") | H16: =IFERROR(INDEX(Tareas!$B$7:$B$206,MATCH(TEXT(H$8,"yyyymmdd")&"-"&8,Tareas!$P$7:$P$206,0)),"")
B17: =IFERROR(INDEX(Tareas!$B$7:$B$206,MATCH(TEXT(B$8,"yyyymmdd")&"-"&9,Tareas!$P$7:$P$206,0)),"") | C17: =IFERROR(INDEX(Tareas!$B$7:$B$206,MATCH(TEXT(C$8,"yyyymmdd")&"-"&9,Tareas!$P$7:$P$206,0)),"") | D17: =IFERROR(INDEX(Tareas!$B$7:$B$206,MATCH(TEXT(D$8,"yyyymmdd")&"-"&9,Tareas!$P$7:$P$206,0)),"") | E17: =IFERROR(INDEX(Tareas!$B$7:$B$206,MATCH(TEXT(E$8,"yyyymmdd")&"-"&9,Tareas!$P$7:$P$206,0)),"") | F17: =IFERROR(INDEX(Tareas!$B$7:$B$206,MATCH(TEXT(F$8,"yyyymmdd")&"-"&9,Tareas!$P$7:$P$206,0)),"") | G17: =IFERROR(INDEX(Tareas!$B$7:$B$206,MATCH(TEXT(G$8,"yyyymmdd")&"-"&9,Tareas!$P$7:$P$206,0)),"") | H17: =IFERROR(INDEX(Tareas!$B$7:$B$206,MATCH(TEXT(H$8,"yyyymmdd")&"-"&9,Tareas!$P$7:$P$206,0)),"")
B18: =IFERROR(INDEX(Tareas!$B$7:$B$206,MATCH(TEXT(B$8,"yyyymmdd")&"-"&10,Tareas!$P$7:$P$206,0)),"") | C18: =IFERROR(INDEX(Tareas!$B$7:$B$206,MATCH(TEXT(C$8,"yyyymmdd")&"-"&10,Tareas!$P$7:$P$206,0)),"") | D18: =IFERROR(INDEX(Tareas!$B$7:$B$206,MATCH(TEXT(D$8,"yyyymmdd")&"-"&10,Tareas!$P$7:$P$206,0)),"") | E18: =IFERROR(INDEX(Tareas!$B$7:$B$206,MATCH(TEXT(E$8,"yyyymmdd")&"-"&10,Tareas!$P$7:$P$206,0)),"") | F18: =IFERROR(INDEX(Tareas!$B$7:$B$206,MATCH(TEXT(F$8,"yyyymmdd")&"-"&10,Tareas!$P$7:$P$206,0)),"") | G18: =IFERROR(INDEX(Tareas!$B$7:$B$206,MATCH(TEXT(G$8,"yyyymmdd")&"-"&10,Tareas!$P$7:$P$206,0)),"") | H18: =IFERROR(INDEX(Tareas!$B$7:$B$206,MATCH(TEXT(H$8,"yyyymmdd")&"-"&10,Tareas!$P$7:$P$206,0)),"")
B19: =IFERROR(INDEX(Tareas!$B$7:$B$206,MATCH(TEXT(B$8,"yyyymmdd")&"-"&11,Tareas!$P$7:$P$206,0)),"") | C19: =IFERROR(INDEX(Tareas!$B$7:$B$206,MATCH(TEXT(C$8,"yyyymmdd")&"-"&11,Tareas!$P$7:$P$206,0)),"") | D19: =IFERROR(INDEX(Tareas!$B$7:$B$206,MATCH(TEXT(D$8,"yyyymmdd")&"-"&11,Tareas!$P$7:$P$206,0)),"") | E19: =IFERROR(INDEX(Tareas!$B$7:$B$206,MATCH(TEXT(E$8,"yyyymmdd")&"-"&11,Tareas!$P$7:$P$206,0)),"") | F19: =IFERROR(INDEX(Tareas!$B$7:$B$206,MATCH(TEXT(F$8,"yyyymmdd")&"-"&11,Tareas!$P$7:$P$206,0)),"") | G19: =IFERROR(INDEX(Tareas!$B$7:$B$206,MATCH(TEXT(G$8,"yyyymmdd")&"-"&11,Tareas!$P$7:$P$206,0)),"") | H19: =IFERROR(INDEX(Tareas!$B$7:$B$206,MATCH(TEXT(H$8,"yyyymmdd")&"-"&11,Tareas!$P$7:$P$206,0)),"")
B20: =IFERROR(INDEX(Tareas!$B$7:$B$206,MATCH(TEXT(B$8,"yyyymmdd")&"-"&12,Tareas!$P$7:$P$206,0)),"") | C20: =IFERROR(INDEX(Tareas!$B$7:$B$206,MATCH(TEXT(C$8,"yyyymmdd")&"-"&12,Tareas!$P$7:$P$206,0)),"") | D20: =IFERROR(INDEX(Tareas!$B$7:$B$206,MATCH(TEXT(D$8,"yyyymmdd")&"-"&12,Tareas!$P$7:$P$206,0)),"") | E20: =IFERROR(INDEX(Tareas!$B$7:$B$206,MATCH(TEXT(E$8,"yyyymmdd")&"-"&12,Tareas!$P$7:$P$206,0)),"") | F20: =IFERROR(INDEX(Tareas!$B$7:$B$206,MATCH(TEXT(F$8,"yyyymmdd")&"-"&12,Tareas!$P$7:$P$206,0)),"") | G20: =IFERROR(INDEX(Tareas!$B$7:$B$206,MATCH(TEXT(G$8,"yyyymmdd")&"-"&12,Tareas!$P$7:$P$206,0)),"") | H20: =IFERROR(INDEX(Tareas!$B$7:$B$206,MATCH(TEXT(H$8,"yyyymmdd")&"-"&12,Tareas!$P$7:$P$206,0)),"")
B22: Cada columna lista las tareas cuya fecha límite cae ese día. La columna sombreada es hoy.
B24: Jesús González · https://jesus-site-silk.vercel.app/

Sheet Proyectos
A1: PROYECTOS
A2: Un proyecto es cualquier cosa que necesita más de una tarea. El avance se calcula solo.
A3: Jesús González · https://jesus-site-silk.vercel.app/
A6: # | B6: Proyecto | C6: Resultado esperado | D6: Siguiente acción | E6: Fecha objetivo | F6: Tareas | G6: Hechas | H6: Avance | I6: Estado
A7: =IF($B7="","",ROW()-6) -> 1 | B7: Proyecto A | C7: Propuesta entregada y aceptada por el cliente | D7: Redactar propuesta comercial para cliente nuevo | E7: 46248 | F7: =IF($B7="","",COUNTIF(Tareas!$C$7:$C$206,$B7)) -> 1 | G7: =IF($B7="","",COUNTIFS(Tareas!$C$7:$C$206,$B7,Tareas!$I$7:$I$206,"Hecha")) -> 0 | H7: =IF(OR($B7="",$F7=0),"",$G7/$F7) -> 0 | I7: =IF($B7="","",IF($F7=0,"Sin tareas",IF($H7=1,"Completo",IF($D7="","Sin siguiente acción","Activo")))) -> Activo
A8: =IF($B8="","",ROW()-6) | F8: =IF($B8="","",COUNTIF(Tareas!$C$7:$C$206,$B8)) | G8: =IF($B8="","",COUNTIFS(Tareas!$C$7:$C$206,$B8,Tareas!$I$7:$I$206,"Hecha")) | H8: =IF(OR($B8="",$F8=0),"",$G8/$F8) | I8: =IF($B8="","",IF($F8=0,"Sin tareas",IF($H8=1,"Completo",IF($D8="","Sin siguiente acción","Activo"))))
A9: =IF($B9="","",ROW()-6) | F9: =IF($B9="","",COUNTIF(Tareas!$C$7:$C$206,$B9)) | G9: =IF($B9="","",COUNTIFS(Tareas!$C$7:$C$206,$B9,Tareas!$I$7:$I$206,"Hecha")) | H9: =IF(OR($B9="",$F9=0),"",$G9/$F9) | I9: =IF($B9="","",IF($F9=0,"Sin tareas",IF($H9=1,"Completo",IF($D9="","Sin siguiente acción","Activo"))))
A10: =IF($B10="","",ROW()-6) | F10: =IF($B10="","",COUNTIF(Tareas!$C$7:$C$206,$B10)) | G10: =IF($B10="","",COUNTIFS(Tareas!$C$7:$C$206,$B10,Tareas!$I$7:$I$206,"Hecha")) | H10: =IF(OR($B10="",$F10=0),"",$G10/$F10) | I10: =IF($B10="","",IF($F10=0,"Sin tareas",IF($H10=1,"Completo",IF($D10="","Sin siguiente acción","Activo"))))
A11: =IF($B11="","",ROW()-6) | F11: =IF($B11="","",COUNTIF(Tareas!$C$7:$C$206,$B11)) | G11: =IF($B11="","",COUNTIFS(Tareas!$C$7:$C$206,$B11,Tareas!$I$7:$I$206,"Hecha")) | H11: =IF(OR($B11="",$F11=0),"",$G11/$F11) | I11: =IF($B11="","",IF($F11=0,"Sin tareas",IF($H11=1,"Completo",IF($D11="","Sin siguiente acción","Activo"))))
A12: =IF($B12="","",ROW()-6) | F12: =IF($B12="","",COUNTIF(Tareas!$C$7:$C$206,$B12)) | G12: =IF($B12="","",COUNTIFS(Tareas!$C$7:$C$206,$B12,Tareas!$I$7:$I$206,"Hecha")) | H12: =IF(OR($B12="",$F12=0),"",$G12/$F12) | I12: =IF($B12="","",IF($F12=0,"Sin tareas",IF($H12=1,"Completo",IF($D12="","Sin siguiente acción","Activo"))))
A13: =IF($B13="","",ROW()-6) | F13: =IF($B13="","",COUNTIF(Tareas!$C$7:$C$206,$B13)) | G13: =IF($B13="","",COUNTIFS(Tareas!$C$7:$C$206,$B13,Tareas!$I$7:$I$206,"Hecha")) | H13: =IF(OR($B13="",$F13=0),"",$G13/$F13) | I13: =IF($B13="","",IF($F13=0,"Sin tareas",IF($H13=1,"Completo",IF($D13="","Sin siguiente acción","Activo"))))
A14: =IF($B14="","",ROW()-6) | F14: =IF($B14="","",COUNTIF(Tareas!$C$7:$C$206,$B14)) | G14: =IF($B14="","",COUNTIFS(Tareas!$C$7:$C$206,$B14,Tareas!$I$7:$I$206,"Hecha")) | H14: =IF(OR($B14="",$F14=0),"",$G14/$F14) | I14: =IF($B14="","",IF($F14=0,"Sin tareas",IF($H14=1,"Completo",IF($D14="","Sin siguiente acción","Activo"))))
A15: =IF($B15="","",ROW()-6) | F15: =IF($B15="","",COUNTIF(Tareas!$C$7:$C$206,$B15)) | G15: =IF($B15="","",COUNTIFS(Tareas!$C$7:$C$206,$B15,Tareas!$I$7:$I$206,"Hecha")) | H15: =IF(OR($B15="",$F15=0),"",$G15/$F15) | I15: =IF($B15="","",IF($F15=0,"Sin tareas",IF($H15=1,"Completo",IF($D15="","Sin siguiente acción","Activo"))))
A16: =IF($B16="","",ROW()-6) | F16: =IF($B16="","",COUNTIF(Tareas!$C$7:$C$206,$B16)) | G16: =IF($B16="","",COUNTIFS(Tareas!$C$7:$C$206,$B16,Tareas!$I$7:$I$206,"Hecha")) | H16: =IF(OR($B16="",$F16=0),"",$G16/$F16) | I16: =IF($B16="","",IF($F16=0,"Sin tareas",IF($H16=1,"Completo",IF($D16="","Sin siguiente acción","Activo"))))
A17: =IF($B17="","",ROW()-6) | F17: =IF($B17="","",COUNTIF(Tareas!$C$7:$C$206,$B17)) | G17: =IF($B17="","",COUNTIFS(Tareas!$C$7:$C$206,$B17,Tareas!$I$7:$I$206,"Hecha")) | H17: =IF(OR($B17="",$F17=0),"",$G17/$F17) | I17: =IF($B17="","",IF($F17=0,"Sin tareas",IF($H17=1,"Completo",IF($D17="","Sin siguiente acción","Activo"))))
A18: =IF($B18="","",ROW()-6) | F18: =IF($B18="","",COUNTIF(Tareas!$C$7:$C$206,$B18)) | G18: =IF($B18="","",COUNTIFS(Tareas!$C$7:$C$206,$B18,Tareas!$I$7:$I$206,"Hecha")) | H18: =IF(OR($B18="",$F18=0),"",$G18/$F18) | I18: =IF($B18="","",IF($F18=0,"Sin tareas",IF($H18=1,"Completo",IF($D18="","Sin siguiente acción","Activo"))))
A19: =IF($B19="","",ROW()-6) | F19: =IF($B19="","",COUNTIF(Tareas!$C$7:$C$206,$B19)) | G19: =IF($B19="","",COUNTIFS(Tareas!$C$7:$C$206,$B19,Tareas!$I$7:$I$206,"Hecha")) | H19: =IF(OR($B19="",$F19=0),"",$G19/$F19) | I19: =IF($B19="","",IF($F19=0,"Sin tareas",IF($H19=1,"Completo",IF($D19="","Sin siguiente acción","Activo"))))
... A32: =IF($B32="","",ROW()-6) | F32: =IF($B32="","",COUNTIF(Tareas!$C$7:$C$206,$B32)) | G32: =IF($B32="","",COUNTIFS(Tareas!$C$7:$C$206,$B32,Tareas!$I$7:$I$206,"Hecha")) | H32: =IF(OR($B32="",$F32=0),"",$G32/$F32) | I32: =IF($B32="","",IF($F32=0,"Sin tareas",IF($H32=1,"Completo",IF($D32="","Sin siguiente acción","Activo"))))
B34: Un proyecto sin siguiente acción definida está detenido, aunque no lo parezca. Esa columna en rojo es la señal más útil de toda la plantilla.

Sheet Listas
A1: LISTAS Y CATÁLOGOS
A2: Edita estos catálogos primero: alimentan los desplegables de todo el archivo.
A3: Jesús González · https://jesus-site-silk.vercel.app/
A5: Agrega valores debajo de cada catálogo (hasta la fila 30) y aparecerán en los desplegables.
A6: Estado | B6: Prioridad | C6: Contexto | D6: Proyecto | E6: Energía | F6: Persona | G6: Repetición
A7: Por hacer | B7: P1 · Urgente | C7: Oficina | D7: Sin proyecto | E7: Alta | F7: Jesús González | G7: No se repite
A8: En curso | B8: P2 · Importante | C8: Casa | D8: Proyecto A | E8: Media | F8: Delegada a… | G8: Diaria
A9: En espera | B9: P3 · Normal | C9: Computadora | D9: Proyecto B | E9: Baja | F9: Equipo | G9: Semanal
A10: Hecha | B10: P4 · Algún día | C10: Teléfono | D10: Personal | G10: Quincenal
A11: Cancelada | C11: Recados | D11: Administrativo | G11: Mensual
C12: Reunión
A34: Jesús González · https://jesus-site-silk.vercel.app/
